{"sand": 0.15043302037649817, "rubble": 0.0012654734951722017, "unknown hard substrate": 0.024487307945454586, "algae covered substrate": 0.20990235837214194, "branching bleached": 0.0014283226312801526, "branching dead": 0.005469016820958684, "branching alive": 0.30036505348010867, "stylophora alive": 0.0, "pocillopora alive": 9.725712295335955e-05, "acropora alive": 0.05783745394422869, "table acropora alive": 0.023310044399007523, "table acropora dead": 0.001380824966582, "millepora": 0.01186763079386692, "turbinaria": 0.0, "other coral bleached": 0.00023296473637665196, "other coral dead": 0.0012304156950378512, "other coral alive": 0.004132296828739254, "massive/meandering alive": 0.12357196009291448, "massive/meandering dead": 0.0012982695017494973, "massive/meandering bleached": 0.001312971159870354, "meandering alive": 0.057206413541810386, "meandering dead": 0.005561750356797934, "meandering bleached": 4.2974077584042596e-05, "sea urchin": 0.0006740144800023522, "sea cucumber": 0.00039242118214902053, "anemone": 0.0031484166314203837, "sponge": 0.0031868671218903168, "clam": 0.0, "other animal": 0.010114740787149393, "trash": 4.9759458255207214e-05, "seagrass": 0.0}