{"sand": 0.35201395586039846, "rubble": 0.005214920445159963, "unknown hard substrate": 0.043222992455527395, "algae covered substrate": 0.540313733826482, "branching bleached": 6.53327729666637e-05, "branching dead": 0.0005002345154014699, "branching alive": 0.008069085019390182, "stylophora alive": 0.00018039646266914606, "pocillopora alive": 0.00013554112600546651, "acropora alive": 0.005664448927811186, "table acropora alive": 0.00023402784346267597, "table acropora dead": 3.900464057711266e-05, "millepora": 0.001079453427971593, "turbinaria": 0.0, "other coral bleached": 0.0006035968129308184, "other coral dead": 0.0, "other coral alive": 0.004162770265592349, "massive/meandering alive": 0.028723992437000193, "massive/meandering dead": 0.000329589212876602, "massive/meandering bleached": 4.3880220649251745e-05, "meandering alive": 0.0019697343491441896, "meandering dead": 0.0, "meandering bleached": 0.0, "sea urchin": 0.0005236372997477375, "sea cucumber": 0.00045830452678107377, "anemone": 0.0, "sponge": 0.0013827145084586438, "clam": 7.605904912536969e-05, "other animal": 0.004171546309722199, "trash": 0.0008210476841482216, "seagrass": 0.0}